"Priority","Organization","Recipient Email","Subject","Draft ID","Message ID","Thread ID","Source","Status","Send Rule"
"6","Platte County Public Health","phnwheatland@wyo.gov","Wheatland mobility-access planning request","r7222640378408655263","19fc2e741f9e680e","19fc2e741f9e680e","Wyoming Department of Health Public Health Nursing county office listing","Created unsent and labeled VCC/Wheatland Packet Queue","Send only after final CEO approval"
"7","Platte County Commissioners","commissioners@plattecountywyoming.com","Wheatland mobility-access planning request","r3717611468159806233","19fc2e75cb8a0e1b","19fc2e75cb8a0e1b","Platte County Commissioners contact listing","Created unsent and labeled VCC/Wheatland Packet Queue","Send only after final CEO approval"
"8","Town of Wheatland","clerk@townofwheatlandwy.org","Wheatland mobility-access planning request","r4977838429688614718","19fc2e77a30d8f32","19fc2e77a30d8f32","Town of Wheatland contact listing","Created unsent and labeled VCC/Wheatland Packet Queue","Send only after final CEO approval"
"9","Platte County Emergency Management","emergmgmt@plattecountywyoming.com","Wheatland mobility-access planning request","r-6943474154677482232","19fc2e794c6d3ad2","19fc2e794c6d3ad2","Platte County Emergency Management contact listing","Created unsent and labeled VCC/Wheatland Packet Queue","Send only after final CEO approval"
"11","Services for Seniors - Wheatland Main Office","jeni@sfswy.org","Wheatland mobility-access planning request","r-4902884378913390524","19fc2e7b2fbbf148","19fc2e7b2fbbf148","Wyoming 211 service listing","Created unsent and labeled VCC/Wheatland Packet Queue","Send only after final CEO approval"
"15","Wyoming Veterans Commission - Platte/Laramie VSO","douglas.miles@wyo.gov","Veteran transportation operator partnership discussion","r-2368060229530123402","19fc2e827cb82865","19fc2e827cb82865","Wyoming 211 VSO listing; official Military Department VSO page confirms Platte/Laramie phone route","Created unsent and labeled VCC/Wheatland Packet Queue","Send only after final CEO approval"
"16","Wyoming Independent Living","info@wilr.org","Wheatland mobility-access planning request","r7319158691328004821","19fc2e7cee945a1b","19fc2e7cee945a1b","ADRC Wyoming service listing","Created unsent and labeled VCC/Wheatland Packet Queue","Send only after final CEO approval"
"17","Platte County Chamber of Commerce","director@plattechamber.com","Wheatland transportation-access sponsorship discussion","r-5425931006660863404","19fc2e7ea97c4ca6","19fc2e7ea97c4ca6","Platte County Chamber staff listing","Created unsent and labeled VCC/Wheatland Packet Queue","Send only after final CEO approval"
"18","Platte County Economic Development","jyoung@pcedwy.org","Wheatland transportation-access sponsorship discussion","r4799418887640571823","19fc2e8099c03d40","19fc2e8099c03d40","Platte County Economic Development contact listing","Created unsent and labeled VCC/Wheatland Packet Queue","Send only after final CEO approval"
